Formula              ✕,Band gap              ✕,Cond. band minimum              ✕,Val. band maximum              ✕,Work function (avg. if finite dipole)              ✕
As4O8,3.232,-3.938,-7.17,6.94
Ca4As4,0.998,-1.024,-2.022,2.781
In2Se2,1.63,-2.271,-3.901,4.59
Sc4S6,1.515,-2.166,-3.681,4.567
V2O5,1.356,-4.887,-6.243,7.136
Zr2Te10,0.191,-2.292,-2.483,4.489
Al2MgSe4,1.064,-0.789,-1.853,4.304
Cr2Br2O2,0.501,-2.647,-3.147,5.181
Hf2Ge2Te8,0.565,-1.658,-2.223,4.243
In4I4Te4,1.732,-2.42,-4.152,5.048
Li2Cl2O4,3.347,-0.966,-4.313,3.632
Na2H2O2,2.802,-0.738,-3.54,2.742
Nb2Br4Se4,1.096,-2.259,-3.355,4.692
Nb3Cl7Te,0.772,-2.67,-3.442,4.937
Pd2O6Se2,1.12,-2.762,-3.882,4.831
Pt4Tl2Te6,0.663,-1.781,-2.443,4.069
Sc4I4O4,1.792,-1.088,-2.88,4.69
Ta3I7Te,0.643,-2.0,-2.643,4.45
W2O12Sb4,1.745,-2.355,-4.1,6.088
Zr2Cl2N2,1.923,-1.689,-3.612,5.771
In2Se2,1.321,-0.617,-1.939,5.234
Cu4Cl4H4O4,0.403,-4.624,-5.027,6.52
HfNa2H6O6,4.113,-0.597,-4.71,3.44
Li6H2O8Te2,4.037,-0.112,-4.148,3.249
Na2PtH6O6,2.835,-0.891,-3.726,3.192
Sn2F2O6P2,3.985,-1.163,-5.148,4.807
Na2C2H6N8O2,4.819,-0.694,-5.513,4.149
Ag2Se2,0.75,-2.585,-3.335,5.38
Al2Se2,1.997,-0.008,-2.006,4.827
Au2I2,0.781,-0.735,-1.517,4.607
Co2Br2,0.065,-0.452,-0.517,4.255
In2Br2,2.054,-1.311,-3.365,3.787
Cu2Cl2,1.447,-1.382,-2.829,4.882
Rb2Cl2,4.651,-0.328,-4.979,3.765
Ti2Cl2,0.013,0.461,0.448,2.935
Co2I2,0.037,0.299,0.262,3.854
F2Ge2,0.118,-4.41,-4.528,7.127
F2Si2,0.666,-3.182,-3.848,6.179
Ga2Te2,1.297,-0.102,-1.399,4.52
GeTe,1.474,-0.853,-2.326,4.217
Hf2Se2,0.043,0.238,0.195,3.596
Hg2Te2,0.026,-1.841,-1.867,5.209
I2Sb2,0.586,-1.092,-1.678,4.468
Ir2Se2,0.305,1.19,0.885,4.178
Pt2O2,0.432,-2.813,-3.245,5.479
Pb2S2,0.422,-1.672,-2.094,4.009
Sn2S2,1.414,0.072,-1.342,3.948
BaCl2,5.618,0.563,-5.056,4.843
CaCl2,4.771,-0.507,-5.278,5.867
CdCl2,3.616,-2.059,-5.675,6.118
CoBr2,0.174,-3.173,-3.347,5.682
Co4S8,0.322,-1.925,-2.247,5.771
GeO2,1.457,-3.47,-4.927,7.941
HfTe2,0.132,-0.892,-1.024,5.154
HgO2,0.504,-4.42,-4.924,7.382
MnBr2,1.775,-1.986,-3.761,5.142
NiI2,0.106,-1.315,-1.421,4.881
Ni2Te4,0.921,-1.291,-2.212,4.483
Ti2O4,2.855,-2.264,-5.118,6.822
Os2Te4,0.713,0.769,0.056,4.074
PbTe2,0.125,-1.872,-1.997,4.765
PdS2,1.171,-1.632,-2.803,5.706
I2Sb,0.019,-0.399,-0.418,4.452
SnS2,1.587,-1.623,-3.211,6.029
SrCl2,5.267,-0.696,-5.963,5.064
ZrSe2,1.446,-1.805,-3.251,5.325
SrF2O2,2.862,-1.89,-4.752,5.597
Au2MoS4,0.801,-1.435,-2.235,4.663
Cu2WS4,1.534,-1.316,-2.85,4.9
Ag2ReBr6,0.562,-2.622,-3.183,5.762
Al2Br6,3.897,-0.232,-4.129,5.028
Au2Cl6,0.208,-3.77,-3.978,6.589
W2Cl6,0.487,-0.574,-1.061,4.65
Cu2Br6,0.107,-3.656,-3.763,6.416
Ga2Cl6,2.524,-2.594,-5.118,6.426
In2Cl6,2.863,-2.525,-5.388,6.481
Mn2Cl6,0.039,-2.301,-2.34,5.317
Tl2Cl6,2.425,-3.021,-5.446,6.937
HfTi3Te8,0.052,-0.991,-1.043,5.16
TiZr3Te8,0.189,-1.022,-1.211,5.247
Al2Br2Se2,1.535,-0.446,-1.981,4.679
AsBrTe,1.237,-1.384,-2.621,5.162
AsIS,1.336,-1.126,-2.462,5.108
Bi2Cl2S2,0.943,-2.514,-3.457,6.523
BiIS,0.401,-1.678,-2.079,5.635
In2Br2O2,2.29,-1.017,-3.307,6.008
Sc2Br2Se2,1.51,-1.064,-2.574,5.302
Cl2Ge2N2,1.851,-0.715,-2.567,5.684
ZrClI,0.877,1.326,0.449,3.274
ClSbSe,1.172,-2.013,-3.185,5.658
Hf2I2N2,1.585,0.617,-0.967,4.859
ISbSe,1.012,-1.29,-2.302,5.118
ZrSSe,0.613,-1.657,-2.27,5.44
Ag2I2Te4,1.025,-1.508,-2.533,4.89
Co2H2S4,0.364,-0.998,-1.362,5.081
Al2P2Se6,0.602,-0.645,-1.248,4.532
Cr2P2Se6,0.431,-0.663,-1.094,4.56
Hg2P2Se6,0.606,-1.21,-1.816,5.134
Rh2P2Se6,0.032,-0.852,-0.884,4.586
Ta2P2Te6,0.179,-0.486,-0.665,4.593
Mo2W2Te8,0.862,1.049,0.187,4.173
HfMnF6,0.697,-2.168,-2.864,5.009
P2,1.929,-2.746,-4.675,5.206
As4S6,2.272,-2.444,-4.716,4.873
Mo2Cl6,0.639,-3.029,-3.667,5.156
V4O10,2.062,-5.391,-7.453,7.753
Ca2Sn4F12,3.924,-0.037,-3.961,4.032
Li2H4N2,2.805,-0.824,-3.63,2.944
Nb2Cl4Se4,1.08,-2.25,-3.33,4.699
Nb2Cl4S4,1.61,-2.177,-3.788,4.853
Ni2Ta4Se10,0.032,-2.754,-2.786,4.959
Sn2O6P2,0.699,-3.043,-3.741,4.799
W2H4O8,0.726,-3.465,-4.192,5.017
Zr2I2N2,0.284,-0.985,-1.269,4.563
Ba4F4Sb4Se8,1.386,-0.684,-2.07,4.876
Co2Br4O6Sb4,0.831,-2.367,-3.198,4.858
Cu4F4H4O4,0.384,-4.082,-4.466,5.334
InNaI4O12,2.81,-2.448,-5.258,6.057
Mg2Mo2O12Te2,3.167,-2.04,-5.207,6.421
Sn2H2O6P2,4.3,-0.47,-4.771,3.997
NiC4H8N2O4,1.326,-2.591,-3.916,4.23
Sn2,0.065,-2.1,-2.165,4.269
Al2Se2,2.138,0.145,-1.992,4.723
Au2I2,0.829,-0.541,-1.37,4.588
BN,4.667,1.023,-3.644,3.487
In2Br2,1.338,-0.704,-2.042,5.365
Sn2Br2,0.035,-0.418,-0.453,4.562
Cu2Cl2,1.228,-1.091,-2.319,4.749
Tl2Cl2,2.659,-1.395,-4.053,4.252
Pb2F2,0.122,-1.298,-1.42,5.215
Sn2F2,0.316,-4.252,-4.568,6.875
Fe2I2,0.011,0.279,0.268,3.503
H2Si2,2.171,-1.123,-3.294,4.095
HgTe,0.153,-2.884,-3.037,5.03
Ir2Se2,0.073,1.175,1.102,4.381
Pb2S2,0.17,-2.088,-2.257,4.38
Sn2S2,0.067,-1.679,-1.746,3.847
Tl2S2,0.628,-1.66,-2.289,5.986
BaCl2,4.747,-0.081,-4.828,5.469
CaCl2,5.53,-0.577,-6.108,5.178
CdF2,3.791,-3.183,-6.974,6.715
CoCl2,0.168,-3.426,-3.594,5.966
CrTe2,0.453,0.225,-0.228,4.548
Ge2S4,0.284,-1.614,-1.898,4.407
HgBr2,1.982,-2.032,-4.014,5.916
MnCl2,1.713,-1.81,-3.523,5.899
Mo2S4,0.051,-1.386,-1.437,5.78
MoTe2,0.932,0.921,-0.011,4.3
Os2O4,0.169,-2.147,-2.317,6.142
Os2Te4,0.117,-2.148,-2.265,4.961
PbO2,0.047,-4.743,-4.79,8.307
PtCl2,0.403,-1.961,-2.364,5.26
Pt2Se4,1.441,-1.155,-2.596,4.67
SnS2,0.763,-1.84,-2.603,6.006
SrF2,6.021,-0.628,-6.648,5.014
SrH2O2,3.702,0.236,-3.467,3.144
ScO2,1.464,-3.284,-4.747,6.725
SnBr2,1.27,-2.689,-3.959,5.285
TiBr2,0.758,0.547,-0.211,3.496
TiO2,2.701,-2.445,-5.146,6.951
VSe2,0.248,-1.175,-1.422,5.434
Zn2Te4,0.959,-1.211,-2.17,4.185
ZrSe2,0.337,-1.301,-1.638,5.289
Au2MoSe4,0.592,-1.088,-1.68,4.335
Cu2WSe4,1.235,-0.981,-2.215,4.561
Ag2ReCl6,0.778,-2.757,-3.535,5.942
Al2Br6,2.504,-1.615,-4.12,5.474
Co2Br6,0.027,-3.53,-3.557,6.113
W2Cl6,0.706,0.01,-0.696,4.186
Cu2Cl6,0.426,-4.232,-4.659,7.168
Ga2I6,1.153,-1.581,-2.733,5.3
In2Cl6,3.761,-1.668,-5.428,6.319
Pb2Se6,0.578,-0.879,-1.457,4.976
Sc2Br6,2.975,-1.459,-4.434,5.659
Tl2Cl6,1.683,-3.814,-5.496,7.118
HfZr3S8,1.154,-1.803,-2.956,6.306
Cr3WS8,0.863,-0.546,-1.409,5.348
AsBrTe,1.064,-1.027,-2.092,5.185
AsIS,0.222,-1.043,-1.265,4.942
BiClS,1.43,-2.242,-3.672,6.438
BiIS,0.777,-2.15,-2.928,5.822
TiBrCl,0.83,0.479,-0.351,3.646
Cr2Br2S2,0.455,-1.777,-2.232,5.703
In2Br2S2,1.908,-1.215,-3.123,5.672
Tl2Br2O2,1.013,-2.304,-3.317,6.605
BrSSb,1.426,-1.388,-2.814,5.648
CrClI,0.022,-1.443,-1.465,4.963
Zr2Cl2N2,1.849,-0.563,-2.412,5.636
Rh2Cl2S2,0.011,-2.337,-2.348,6.235
ClSbSe,1.674,-1.293,-2.966,5.653
ISbTe,1.011,-0.495,-1.506,4.847
ZrSSe,0.829,-1.652,-2.481,6.055
VSeTe,0.12,-0.728,-0.848,5.048
Au2Br2Se4,0.841,-2.418,-3.259,5.288
Cu2I2S4,0.854,-2.042,-2.896,5.264
Hg2P2Te6,0.363,-0.658,-1.021,4.601
Rh2P2Te6,0.108,-0.274,-0.383,4.232
Cr2Mo2S8,1.014,-0.453,-1.466,5.353
Ti2Zr2S8,0.845,-2.015,-2.86,6.299
HfMnI6,1.359,-0.989,-2.349,4.887
As4S6,2.255,-2.23,-4.485,4.628
Cr2F4,1.396,-2.568,-3.964,4.389
In2Te4,0.487,-2.772,-3.259,4.812
P8Si4,1.539,-2.218,-3.757,4.977
V4O8,0.304,-4.452,-4.756,6.739
Ag2Au2Cl8,0.909,-4.54,-5.449,6.352
Ca2Cl4O8,2.819,-0.585,-3.404,3.523
Cu2O6Si2,0.425,-4.233,-4.658,5.81
Cu2Hg2Cl2Se2,0.833,-2.902,-3.736,4.884
Hf2Br2N2,1.955,-1.078,-3.033,5.248
Mn2P2S6,0.108,-3.155,-3.263,5.221
Nb4Ge2Te8,0.416,-1.72,-2.135,4.415
NiPS3,0.075,-4.283,-4.358,5.336
Sn2O8S2,4.382,-2.378,-6.76,5.809
Tl2O6Sb2,2.828,-0.775,-3.603,3.836
BeH4O4P2,5.994,0.089,-5.904,3.748
InLiI4O12,2.788,-1.928,-4.716,5.632
Na2B2H8O8,4.681,-0.48,-5.161,3.649
V2F2O7Te2,1.013,-2.576,-3.588,4.607
NiC6Cl2H4N2,0.858,-3.124,-3.982,4.717
BP,0.898,-1.953,-2.851,4.678
Bi2S2,0.309,-0.246,-0.555,5.193
Ag2Te2,0.477,-2.076,-2.553,4.773
Tl2Cl2,3.629,-0.058,-3.687,3.872
Pd2F2,0.865,-3.019,-3.884,7.129
Fe2I2,0.013,0.446,0.433,3.556
Sn2H2,0.236,-2.568,-2.805,4.66
In2I2,1.787,-1.332,-3.119,3.908
Zn2I2,2.091,0.291,-1.799,4.448
In2Se2,1.404,-0.54,-1.944,5.209
Pb2S2,1.162,0.042,-1.121,3.927
SnS,2.289,-1.114,-3.403,4.937
BaCl2,5.192,-0.477,-5.67,4.845
CaCl2,5.784,0.293,-5.49,5.264
CdI2,1.49,-0.81,-2.3,5.005
CoCl2,0.351,-2.725,-3.076,6.067
GeS2,1.344,-1.379,-2.724,5.021
Hf2Br4,0.852,0.438,-0.414,3.845
HfO2,1.928,-2.565,-4.493,7.204
HgBr2,2.007,-2.606,-4.613,5.92
Ir4S8,0.692,-1.061,-1.754,5.342
MnCl2,1.797,-1.514,-3.311,5.4
Mo2S4,0.133,-2.248,-2.381,4.657
PbO2,1.125,-4.249,-5.374,7.25
PdBr2,0.198,-2.456,-2.654,5.577
PtF2,0.02,-4.325,-4.345,7.676
SnBr2,2.499,-1.193,-3.693,5.428
RuI2,1.022,0.225,-0.798,4.034
Sn2Se4,0.476,-1.19,-1.666,4.131
SrI2,3.916,-0.571,-4.486,4.616
TiO2,1.195,-3.833,-5.029,7.94
ZnBr2,3.272,-1.297,-4.57,5.258
Zr2I4,0.423,0.42,-0.003,3.898
ZrSe2,0.739,-1.494,-2.233,5.886
SrH2S2,3.805,0.467,-3.338,3.348
Au2MoTe4,0.217,-0.714,-0.93,4.047
Cu2WTe4,0.654,-0.66,-1.313,4.234
Ag2ReF6,1.024,-2.767,-3.791,5.348
Al2Cl6,3.842,-1.146,-4.988,5.694
Au2I6,0.012,-2.41,-2.422,5.518
Co2Br6,0.962,-2.038,-3.0,5.528
In2I6,1.597,-1.445,-3.042,5.305
Mn2I6,0.012,-2.266,-2.278,5.474
Pb2Te6,0.268,-0.451,-0.719,4.823
Re2Br6,0.135,-1.483,-1.618,4.703
Sc2Br6,2.64,-1.876,-4.516,5.69
Tl2I6,0.772,-2.32,-3.093,5.703
W2I6,0.223,0.167,-0.056,3.923
HfZr3Se8,0.824,-1.441,-2.265,5.865
Cr3WSe8,0.677,-0.055,-0.732,4.818
Al2Cl2O2,5.729,1.675,-4.054,5.031
AsClS,1.731,-1.485,-3.215,5.864
AsISe,1.151,-1.111,-2.262,5.012
BiClS,1.002,-2.855,-3.857,6.366
Bi2I2Se2,0.706,-1.682,-2.388,5.839
Cr2Br2Se2,0.179,-1.977,-2.156,5.743
HfBrI,0.713,1.748,1.035,2.898
In2Br2Se2,1.23,-1.469,-2.7,5.543
BrSSb,1.217,-1.851,-3.068,5.549
In2Cl2O2,2.607,-1.329,-3.936,6.404
ClSbTe,1.394,-1.124,-2.517,5.39
Tl2I2O2,0.312,-1.368,-1.68,5.692
ISbTe,0.838,-1.171,-2.009,4.939
MoOS,1.06,-0.479,-1.539,5.281
Au2Br2Te4,1.013,-1.856,-2.87,4.992
Cu2I2Se4,0.791,-1.794,-2.585,5.038
OsBr2,1.157,0.299,-0.857,3.668
In2P2S6,0.839,-1.184,-2.024,5.048
Os2P2S6,0.038,-1.216,-1.254,5.016
Ru2P2S6,0.326,-0.895,-1.221,4.951
Cr2Mo2Se8,0.819,0.046,-0.773,4.814
Ti2Zr2Se8,0.623,-1.556,-2.179,5.829
HfNiBr6,1.355,-2.279,-3.634,5.845
Ag2C8N6,3.412,-1.715,-5.127,3.931
As4Se6,1.735,-2.378,-4.112,4.614
Pb2O2,2.406,-0.716,-3.122,3.402
Sn2O2,2.493,-1.301,-3.795,3.951
BaF12Sb2,4.966,-3.033,-7.999,8.176
Ca2CoO3,0.048,0.028,-0.02,1.741
Cr2Ta4O12,0.205,-3.233,-3.438,5.131
CuV2O6,0.195,-6.268,-6.463,7.454
Hf2Cl2N2,2.33,-1.232,-3.562,5.544
Nb4I2Te12,0.673,-2.06,-2.732,4.405
Pd3P2S8,1.75,-2.997,-4.747,5.579
Rb2Br2F8,3.487,-3.583,-7.071,6.447
Y2Cl2O4,0.367,-5.926,-6.293,7.979
Na2C2N2S2,4.121,-0.313,-4.433,3.571
Ag2Cr2P4S12,0.997,-3.032,-4.03,5.541
BiCuP2Se6,1.009,-2.599,-3.608,5.114
Co2H4O8Se2,0.476,-2.282,-2.758,4.144
Cu4Li2V2O12,0.091,-5.748,-5.839,6.956
K2C4H6O6,4.672,0.588,-4.084,3.123
V2H4O10Se2,0.892,-2.128,-3.02,3.75
Rb2C2F6O6S2,5.749,0.527,-5.222,4.237
Hf2Te2,0.04,0.686,0.647,4.531
Al2Te2,1.955,0.311,-1.645,4.271
Au2O2,0.174,-3.092,-3.265,5.315
BSb,0.314,-1.773,-2.087,4.345
Cs2Br2,4.08,-0.195,-4.275,3.502
In2I2,0.988,-0.229,-1.217,4.942
Zr2Br2,0.045,0.75,0.705,2.799
Ga2I2,1.786,-1.465,-3.251,4.068
Ge2H2,0.92,-1.99,-2.91,4.414
PbS,1.82,-1.378,-3.198,4.831
Zr2S2,0.132,0.101,-0.031,3.543
Sc2Te2,0.291,-0.484,-0.774,4.637
Ti2Se2,0.041,-0.547,-0.587,4.183
PbO2,1.346,-3.577,-4.924,7.42
BaF2,5.655,-0.282,-5.936,4.683
CaF2,6.451,-0.635,-7.086,5.266
CdI2,2.136,-0.607,-2.743,4.96
BaI2,3.332,-0.036,-3.369,4.968
FeBr2,0.263,-1.678,-1.941,5.235
Fe2S4,0.654,-1.102,-1.756,5.392
Pd2Se4,1.313,-1.452,-2.765,4.747
GeS2,0.729,-2.012,-2.741,6.095
HfO2,4.477,-0.822,-5.299,5.322
HgBr2,1.573,-2.249,-3.822,6.139
MnCl2,2.025,-2.111,-4.136,5.359
Rh2Br4,0.089,-1.592,-1.681,4.71
Ru2Te4,0.642,0.323,-0.319,4.354
VI2,1.202,0.08,-1.123,3.947
ScS2,0.718,-2.222,-2.94,5.679
SnBr2,2.097,-1.633,-3.73,5.445
SnSe2,0.762,-1.605,-2.367,5.617
SrI2,3.418,-0.013,-3.431,4.925
TiO2,3.481,-2.484,-5.965,6.433
WS2,1.534,0.678,-0.855,4.733
YBr2,0.344,-0.115,-0.459,3.762
ZnBr2,2.411,-1.073,-3.483,5.404
ZrTe2,0.788,-1.607,-2.395,4.875
RuH2O2,0.506,0.516,0.01,1.633
Bi2S2Te,0.021,-1.053,-1.074,5.891
Cu2MoO4,2.453,-2.215,-4.668,5.067
Ag2ReI6,0.169,-1.97,-2.139,5.395
Al2Cl6,5.487,0.428,-5.06,5.218
Co2Cl6,0.01,-4.1,-4.111,6.707
In2I6,0.657,-2.318,-2.975,5.526
Sc2Cl6,3.233,-2.067,-5.301,6.185
Tl2I6,0.092,-3.004,-3.096,5.893
W2I6,0.705,-0.698,-1.403,4.368
Zr2O6,3.586,0.563,-3.024,5.872
HfZr3Te8,0.213,-0.981,-1.195,5.251
Cr3WTe8,0.443,0.329,-0.113,4.482
Al2Cl2S2,2.334,-0.19,-2.524,4.815
AsClS,1.535,-1.873,-3.408,5.714
AsISe,0.446,-0.702,-1.148,4.729
Bi2Cl2Se2,0.636,-2.66,-3.296,6.49
BiISe,0.433,-1.563,-1.996,5.552
Pt2Br2N2,0.118,-1.018,-1.136,5.244
Sc2Br2S2,2.13,-1.048,-3.178,5.616
Cr2Cl2O2,0.647,-1.513,-2.16,5.547
In2Cl2S2,1.797,-1.472,-3.27,5.833
ClSbTe,1.255,-1.683,-2.938,5.399
Ga2I2O2,1.001,0.044,-0.957,4.665
In2I2O2,1.191,-0.277,-1.468,5.133
ISSb,0.794,-1.021,-1.815,5.211
Sc2I2Se2,1.393,-0.578,-1.971,5.098
MoOSe,0.752,-0.169,-0.921,4.903
WSeTe,1.037,1.2,0.164,4.167
Au2Cl2Te4,0.981,-1.928,-2.909,4.997
Cu2I2Te4,0.836,-1.372,-2.207,4.697
Ru2P2Se6,0.1,-0.887,-0.987,4.802
Cr2Mo2Te8,0.556,0.422,-0.134,4.477
Ti2Zr2Te8,0.117,-1.025,-1.142,5.213
HfNiCl6,1.62,-2.603,-4.223,6.298
Au2Br2,1.985,-1.857,-3.842,4.365
Pb4O4,2.614,-0.701,-3.315,3.595
Sn2O2,3.02,-0.743,-3.764,3.888
V4O10,2.033,-5.376,-7.41,7.752
Hf2I2N2,0.545,-0.6,-1.145,4.343
Ag2Br2,1.724,-1.594,-3.318,5.375
FeGa2S4,0.862,-0.364,-1.226,4.041
Ir2Nb2Te8,0.047,-2.052,-2.099,4.466
Li4CO4,3.421,-0.125,-3.546,2.618
Mn2P2Se6,0.1,-2.792,-2.892,4.895
Nb3Br7S,0.81,-2.764,-3.575,5.055
Nb4Si2Te8,0.521,-1.584,-2.105,4.351
Pd2I4O12,1.034,-2.955,-3.989,5.27
Re2ZnO8,3.966,-3.283,-7.249,6.915
Y2Cl2O2,4.395,-0.703,-5.098,5.754
AgGaP2Se6,0.91,-2.496,-3.406,4.974
Bi2Cd2Cl2O4,2.845,-2.313,-5.159,5.516
Cr2Cu2P4S12,1.078,-2.777,-3.855,5.326
Fe2Mo2Cl2O8,0.951,-5.397,-6.349,7.223
Mn2Mo2O12Te2,1.546,-2.002,-3.548,5.599
Zn2H8N4Te2,1.822,0.037,-1.786,1.946
Cs2C2F6O6S2,5.633,0.659,-4.973,4.073
Sn2C2H6O6P2,4.034,-0.212,-4.246,3.644
Hf3N2O2,0.32,2.577,2.257,4.357
Cu2Br2,1.522,-0.676,-2.198,4.5
K2Br2,4.374,-0.593,-4.967,3.936
C2F2,3.165,-0.921,-4.086,6.1
Ga2Cl2,2.396,-1.233,-3.63,3.765
In2Te2,1.145,-0.243,-1.388,4.684
Ir2Se2,0.134,1.059,0.925,4.074
Cu2S2,0.624,-2.887,-3.511,5.584
In2F2,1.335,-0.981,-2.315,5.545
GaN,1.877,-1.546,-3.423,4.381
Pb2Se2,0.478,-1.734,-2.213,4.158
Sb2Se2,0.438,-1.029,-1.467,4.531
Se2Si2,1.195,-0.646,-1.841,4.426
Tl2Se2,0.449,-1.47,-1.919,5.615
Zn2Se2,1.621,-0.906,-2.528,4.916
BaI2,3.873,0.277,-3.596,4.604
CaI2,2.946,-0.125,-3.071,4.882
CdI2,2.335,-1.158,-3.494,4.891
CoF2,0.302,-3.617,-3.918,5.642
FeBr2,0.733,-0.643,-1.376,4.288
Br2Ge,1.302,-2.708,-4.011,5.464
HfBr2,0.732,1.361,0.629,2.991
HfO2,4.777,0.143,-4.633,5.476
HgCl2,2.447,-2.3,-4.747,6.399
Al2Te2,1.748,0.226,-1.522,4.399
OsO2,0.265,-2.243,-2.508,5.977
Pb2S4,1.083,-1.168,-2.25,4.362
PdSe2,0.229,-0.652,-0.881,3.655
PtSe2,1.167,-0.625,-1.792,4.883
Re4S8,1.272,-0.16,-1.432,5.086
Ru2O4,0.045,-2.983,-3.029,6.661
Ru2Te4,0.157,-2.357,-2.514,5.057
ScBr2,0.157,-0.397,-0.554,3.846
SnCl2,2.745,-1.468,-4.213,5.818
SrI2,3.984,0.401,-3.582,4.537
Ti2Cl4,0.32,-0.663,-0.984,4.487
TiS2,1.266,-2.642,-3.908,5.937
Tl2Cl4,1.909,-2.822,-4.731,6.37
ZnBr2,3.353,-0.62,-3.973,5.263
ZrI2,0.687,1.496,0.809,3.051
GeH2O2,1.121,-0.331,-1.452,2.387
Bi2SSe2,0.354,-0.943,-1.296,5.827
Bi2Se2Te,0.111,-0.799,-0.909,5.698
Cu2MoSe4,0.895,-1.361,-2.256,4.757
Au2ReF6,0.182,-4.347,-4.53,6.815
Al2I6,0.799,-1.782,-2.581,5.151
Bi2Br6,1.954,-2.61,-4.564,6.214
Co2Cl6,1.13,-2.379,-3.509,5.992
Ir2Br6,0.026,-1.856,-1.882,4.786
Mo2Cl6,0.507,-0.863,-1.37,4.811
Sc2Cl6,3.922,-1.58,-5.503,6.246
Zr2S6,1.182,0.07,-1.112,5.432
Cr3MoS8,0.899,-0.602,-1.501,5.398
Mo3WS8,1.559,0.319,-1.24,5.016
Al2Cl2Se2,1.416,-0.436,-1.852,4.547
AsClSe,1.373,-1.818,-3.192,5.583
AsITe,0.329,-0.576,-0.905,4.609
Bi2Br2O2,1.431,-1.354,-2.785,6.174
BiClSe,1.235,-2.085,-3.321,6.203
BiISe,0.607,-2.099,-2.706,5.705
VBrCl,1.289,-0.556,-1.845,3.981
Hf2Br2N2,2.064,0.18,-1.884,5.083
Ir2Br2O2,0.295,-0.142,-0.437,4.166
Ti4Br4Se4,0.063,-0.949,-1.012,4.714
Cr2Cl2S2,0.46,-2.178,-2.638,6.051
In2Cl2Se2,1.067,-1.737,-2.804,5.692
Tl2Cl2O2,1.03,-2.754,-3.784,7.0
Sc2Cl2Se2,1.409,-1.242,-2.651,5.34
Li2F2O2,2.912,-2.449,-5.361,5.542
Ga2I2S2,0.833,-1.227,-2.059,5.449
In2I2S2,1.539,-0.82,-2.359,5.4
ISSb,1.219,-1.281,-2.501,5.199
MoOTe,0.177,0.043,-0.134,4.567
WOS,1.503,0.257,-1.246,4.887
TiSTe,0.093,-1.091,-1.184,5.183
Au2I2Se4,0.715,-2.0,-2.715,5.071
Ru2P2Te6,0.2,-0.607,-0.807,4.7
Au2S2,1.216,-2.326,-3.542,5.372
Cr2W2S8,0.941,-0.333,-1.274,5.246
HfNiI6,0.862,-1.513,-2.375,5.231
Al8Te12,1.775,-1.404,-3.179,4.028
Ga2Se2,0.697,-2.455,-3.152,4.712
Nb3I7Te,0.565,-2.306,-2.871,4.689
K2C4,0.374,-4.705,-5.078,6.079
Nb3Br8,0.293,-2.408,-2.702,4.434
Pb2Br4,2.239,-3.043,-5.281,5.331
Sn2O2,0.014,-2.024,-2.039,3.035
As2O8Sb2,3.383,-1.909,-5.293,5.085
Ca4O12Te4,3.969,-0.199,-4.168,3.792
CrHO2,0.092,-2.596,-2.688,4.061
Cu4Cl4O4,0.313,-5.543,-5.856,7.323
Hg2GeO4,2.596,-3.314,-5.91,5.52
Ir2Ta2Te8,0.047,-1.918,-1.965,4.336
MnF12Sb2,1.742,-4.044,-5.786,7.1
NiRe2O8,1.575,-4.481,-6.056,6.935
Pd2O6Se2,0.636,-2.855,-3.491,4.711
Re6Cl2Se8,1.194,-2.453,-3.647,5.698
Sr2Br2H2,4.354,-0.23,-4.584,4.511
Zn2As4O8,3.605,-0.287,-3.892,4.251
Ag2Br2,1.834,-1.904,-3.738,5.411
AgInP2S6,1.317,-2.558,-3.875,5.219
CsC2I3N2,2.286,-0.994,-3.28,3.631
K2C6H6O6,2.647,-1.218,-3.865,3.97
Mn2Br2S4Sb2,0.124,-2.624,-2.748,4.328
H4O10Si4,5.471,-1.152,-6.622,5.094
Zn2Cl4O6Sb4,3.264,-2.239,-5.503,6.255
Cs2F2H6O6P2,5.59,0.393,-5.197,4.641
Zr3C2F2S2,0.02,1.237,1.217,6.347
AlAs,1.237,-1.965,-3.203,4.59
S3Sb2,0.599,-0.599,-1.199,5.608
Bi2Se2,0.348,-1.254,-1.602,4.693
Cu2Br2,1.496,-0.896,-2.392,4.47
Rb2Br2,4.18,-0.538,-4.718,3.768
Cd2S2,1.786,-1.246,-3.032,5.224
Cu2Se2,0.447,-2.371,-2.818,5.189
Rb2F2,4.557,-0.101,-4.658,3.381
Ga2O2,1.556,-1.824,-3.38,6.335
V2S2,0.214,-0.832,-1.045,5.036
Tl2Se2,0.494,-1.421,-1.915,5.595
CaI2,3.975,-0.39,-4.365,4.606
CdO2,0.141,-5.077,-5.218,7.686
CrS2,0.877,-0.667,-1.544,5.403
Br2Ge,2.536,-1.061,-3.598,5.398
HfS2,1.061,-1.811,-2.872,6.354
HgCl2,2.084,-2.637,-4.721,6.821
MoS2,1.58,0.223,-1.357,5.097
NiO2,1.281,-3.865,-5.146,7.456
OsBr2,0.095,-0.339,-0.434,3.842
Os2S4,0.111,-2.573,-2.684,5.386
PbBr2,2.004,-2.175,-4.179,5.974
PbS2,1.39,-1.656,-3.046,4.674
Pt2Te4,1.309,-0.883,-2.192,4.433
SnCl2,1.453,-2.679,-4.131,5.288
SnSe2,0.86,-1.635,-2.495,4.936
TiS2,0.734,-2.134,-2.868,6.399
ZnCl2,4.213,-1.225,-5.438,5.676
ZrTe2,0.259,-0.994,-1.252,5.278
HfH2O2,0.413,-0.242,-0.654,2.952
Bi2STe2,0.158,-0.43,-0.588,5.251
S2Sb2Te,0.803,-0.191,-0.994,5.477
Cu2MoTe4,0.378,-0.982,-1.36,4.396
Cu2ReBr6,0.085,-2.19,-2.276,5.301
Al2I6,2.093,-0.589,-2.682,4.819
Bi2Br6,1.743,-3.037,-4.781,6.314
Co2I6,0.526,-1.169,-1.696,4.874
Fe2Br6,0.043,-3.619,-3.662,6.294
Ir2Br6,1.567,-0.876,-2.443,4.73
Mo2I6,0.977,-0.918,-1.895,4.719
Sc2I6,1.851,-1.01,-2.861,5.002
Ti2Br6,0.17,-1.903,-2.074,4.819
Zr2Se6,0.41,0.245,-0.165,5.021
Cr3MoSe8,0.707,-0.11,-0.817,4.868
Mo3WSe8,1.3,0.766,-0.533,4.493
Al2I2O2,2.219,1.828,-0.391,3.726
AsClSe,1.717,-1.234,-2.95,5.618
AsITe,0.982,-0.978,-1.96,4.838
Bi2Br2S2,0.969,-2.201,-3.17,6.275
BiClSe,0.851,-2.675,-3.526,6.139
K2I2,3.885,-0.568,-4.453,3.847
BiITe,0.412,-1.921,-2.333,5.452
Ir2Br2S2,0.344,-0.734,-1.078,5.042
Cr2Cl2Se2,0.176,-2.33,-2.507,6.051
HfClI,0.814,1.657,0.843,3.039
ClSSb,1.669,-1.572,-3.24,5.918
Li2F2S2,1.69,-2.314,-4.004,4.365
Ga2I2Se2,0.822,-1.337,-2.159,5.476
In2I2Se2,1.264,-1.069,-2.333,5.436
Sc2I2S2,1.662,-0.554,-2.217,5.245
WOSe,1.244,0.57,-0.674,4.531
Au2I2Te4,0.711,-1.601,-2.312,4.79
Bi2P2S6,0.655,-1.65,-2.305,5.297
Fe2P2Te6,0.126,-0.589,-0.716,4.652
Ir2P2S6,0.057,-1.297,-1.353,5.07
Pb2P2S6,1.365,-1.2,-2.565,5.286
P2Sb2Se6,0.974,-0.792,-1.766,4.686
Cr2W2Se8,0.759,0.166,-0.592,4.706
CoHfF6,0.827,-3.589,-4.417,6.207
MnZrBr6,1.643,-1.74,-3.383,5.356
CuBr,1.024,-2.694,-3.718,4.099
Nb3I8,0.193,-2.033,-2.227,4.236
Pd2Cl4,0.866,-4.14,-5.006,5.985
Ga2NiS4,0.17,-1.164,-1.333,4.357
Ag8C4N8,1.61,-2.048,-3.658,4.924
As4O12S2,4.456,-1.511,-5.967,4.949
Cr2Cu2O8,0.12,-5.654,-5.774,7.135
Cu4O12Te2,0.449,-5.941,-6.39,7.696
As2,1.483,-0.948,-2.431,4.5
Hg3B2O6,3.522,-2.349,-5.871,4.695
Li4O8Sb4,3.248,-0.243,-3.491,3.825
MnRe2O8,1.565,-3.598,-5.163,5.988
Na2Nb2Cl12,2.287,-3.564,-5.851,6.518
Nb2Br4O2,1.038,-2.797,-3.836,5.13
Ni2As2O7,0.452,-4.3,-4.752,5.787
O14S2Te4,3.194,-2.928,-6.122,6.61
Pd4Tl2Se6,0.834,-2.189,-3.023,4.408
Rh2Cl2Te2,1.038,-2.486,-3.524,4.894
Sr2F2I2,4.219,0.284,-3.935,4.319
ZnC4N6,5.039,-1.218,-6.257,4.311
AgInP2Se6,0.863,-2.49,-3.354,4.941
Fe2W2Cl2O8,1.085,-5.263,-6.349,7.166
K2C2H2O6,4.463,0.095,-4.368,3.358
Mn2Br2Sb2Se4,0.265,-2.642,-2.907,4.397
Zn2H4O8Se2,4.452,-0.209,-4.661,4.005
Cu2Br2C4H4N2,0.69,-2.48,-3.169,4.083
Zr3C2O2,0.382,1.025,0.643,5.433
Sb2Se3,0.421,-0.299,-0.72,5.272
Ag2Cl2,2.0,-2.348,-4.349,5.718
AsB,0.757,-1.863,-2.62,4.536
Re2Br2,0.1,0.93,0.83,4.711
C2H2,3.46,0.894,-2.566,3.0
GeO,2.133,-1.781,-3.914,5.492
Ta2I2,0.046,1.345,1.298,3.077
InN,0.616,-2.175,-2.791,4.56
In2Te2,1.233,-0.153,-1.385,4.649
Rh2O2,0.067,-1.644,-1.711,6.506
BaI2,3.958,-0.464,-4.423,4.498
Pb2Se2,0.05,-2.215,-2.265,4.61
S2Sb2,0.362,0.296,-0.067,4.645
Sb2Se2,0.237,0.497,0.259,4.375
Sn2Se2,0.084,-1.766,-1.85,3.985
Ti2Te2,0.217,0.37,0.153,4.61
CaI2,3.537,0.241,-3.296,4.589
Cd2S4,1.52,-1.031,-2.552,4.115
Br2Ge,2.301,-1.396,-3.697,5.422
Hf2Cl4,0.843,0.29,-0.553,4.046
HfS2,2.094,-1.808,-3.902,5.605
HgCl2,2.468,-2.933,-5.401,6.458
HgSe2,0.03,-2.234,-2.263,4.764
YCl2,0.374,-0.238,-0.612,3.901
MnI2,1.048,-0.877,-1.925,4.988
Nb4O8,0.459,-1.795,-2.254,5.252
OsBr2,0.042,-0.747,-0.789,4.517
Os2S4,0.53,-0.634,-1.164,5.13
PbBr2,1.661,-2.808,-4.469,5.711
PbS2,0.672,-2.684,-3.355,5.831
PdCl2,0.463,-2.746,-3.209,6.009
PdSe2,0.558,-1.255,-1.813,5.057
SnCl2,2.324,-1.756,-4.079,5.613
TiCl2,0.903,0.405,-0.497,3.794
TiS2,0.022,-2.01,-2.033,5.734
VTe2,0.212,-0.553,-0.765,4.968
W2Se4,0.032,-0.381,-0.413,4.938
ZnCl2,4.453,-0.424,-4.877,5.634
HgH2O2,0.772,-1.774,-2.546,3.667
NiH2O2,1.078,0.064,-1.014,1.986
SSb2Se2,0.466,-0.324,-0.789,5.254
Sb2Se2Te,0.573,-0.067,-0.64,5.218
Ag2WO4,1.95,-2.904,-4.854,5.725
Cu2ReCl6,0.467,-2.322,-2.789,5.428
As2Br6,2.477,-1.644,-4.121,5.609
Fe2Br6,0.042,-2.466,-2.508,5.423
Ir2Cl6,1.823,-0.987,-2.81,5.004
Os2Cl6,0.063,-2.027,-2.09,5.267
Re2I6,0.141,-0.767,-0.908,3.777
Sc2I6,1.863,-1.309,-3.172,5.127
Y2Br6,3.496,-1.22,-4.716,5.425
Cr3MoTe8,0.467,0.283,-0.184,4.526
Mo3WTe8,0.9,0.984,0.085,4.235
Al2I2S2,1.615,-0.416,-2.03,5.145
AsClTe,1.479,-1.527,-3.005,5.39
BiBrS,1.188,-2.084,-3.272,6.199
BiClTe,0.599,-2.349,-2.949,5.715
BiITe,0.346,-1.35,-1.696,5.332
TiBrI,0.679,0.819,0.14,3.429
Ir2Br2Se2,0.052,-1.127,-1.179,5.192
Hf2Cl2N2,2.101,0.041,-2.06,5.132
Ir2Cl2O2,0.444,-0.514,-0.958,4.573
Pt2Cl2N2,0.354,-1.385,-1.739,5.672
ClSSb,1.316,-2.115,-3.431,5.816
Na2F2O2,2.813,-2.192,-5.005,4.749
MoSSe,1.453,0.445,-1.008,4.849
WOTe,0.537,0.587,0.051,4.331
ZrSeTe,0.262,-1.039,-1.301,5.334
Cu2Br2S4,0.934,-2.409,-3.343,5.424
Bi2P2Se6,0.69,-1.118,-1.808,4.862
Ir2P2Se6,0.064,-0.971,-1.035,4.761
Pb2P2Se6,0.971,-1.155,-2.126,5.1
P2Sb2Te6,0.508,-0.611,-1.12,4.376
Cr2W2Te8,0.497,0.508,0.011,4.391
CoZrBr6,0.388,-2.231,-2.618,5.376
MnZrCl6,0.312,-1.677,-1.989,4.95
Al2O4,0.017,-6.416,-6.433,8.445
Bi2In2,0.037,-2.151,-2.188,3.888
Cu2F4,0.825,-5.739,-6.564,7.325
As2O6Sb2,3.974,-0.35,-4.324,4.038
Bi4B4O12,2.865,-1.112,-3.977,4.412
Cr2Ge2Te6,0.125,-2.426,-2.552,4.633
Cu4O12Te4,0.043,-3.821,-3.864,5.039
Hg2V2O6,2.182,-3.877,-6.059,6.083
Mo2O10P2,1.04,-3.389,-4.428,5.373
Na4O8S4,2.385,-0.985,-3.369,3.565
Nb2I2O4,1.188,-1.559,-2.747,5.084
O4S8Sb8,1.879,-1.947,-3.826,4.448
Rh2Ta2Te8,0.076,-2.029,-2.105,4.41
Sr2H8O6,4.396,-0.227,-4.623,3.629
V2O10P2,1.566,-4.779,-6.345,6.903
Zn2Ge2O6,2.745,-2.198,-4.943,5.111
AgScP2S6,2.017,-2.159,-4.176,5.16
BiHO6Se2,3.007,-1.847,-4.854,5.241
Cs2C6N6Se6,1.932,-1.836,-3.768,4.585
Na2SnH6O6,3.937,-1.142,-5.079,3.947
ZnB2C8N8,5.164,-3.183,-8.347,7.169
CuC6H4N6O2,0.818,-4.011,-4.829,5.648
As4,0.835,-0.727,-1.562,4.248
Sb2Te3,0.337,0.242,-0.095,4.797
Ag2Cl2,1.569,-1.618,-3.187,5.036
AlN,2.893,-0.555,-3.448,3.876
Bi2Se2,0.161,-0.022,-0.183,4.89
Ti2Br2,0.019,0.378,0.358,3.157
Cd2Se2,1.402,-1.192,-2.594,5.141
K2F2,4.964,-0.152,-5.116,3.571
V2F2,0.031,-0.262,-0.293,5.114
GaP,1.583,-1.806,-3.39,4.553
Rb2I2,3.714,-0.555,-4.269,3.699
In2O2,0.385,-2.121,-2.506,6.25
Ir2O2,0.122,-0.042,-0.164,5.469
Pb2Se2,0.789,-0.221,-1.01,4.11
Sn2Se2,0.923,-0.059,-0.981,3.914
Ti2Te2,0.11,0.394,0.284,4.598
Fe2Se4,0.575,-0.483,-1.059,4.849
CdS2,1.359,-1.798,-3.158,4.387
FeCl2,0.351,-1.889,-2.24,5.569
Cl2Ge,1.373,-2.858,-4.231,5.551
GeSe2,0.564,-1.428,-1.992,4.652
HfS2,1.221,-1.354,-2.575,5.726
HgF2,2.089,-4.386,-6.475,7.029
In2S4,0.41,-1.996,-2.406,5.357
PbCl2,2.775,-1.905,-4.68,6.315
MgBr2,4.588,0.21,-4.378,4.944
MnI2,0.877,-0.885,-1.762,4.715
Ni2S4,0.824,-1.911,-2.735,4.868
OsCl2,1.33,0.312,-1.018,3.799
PbBr2,2.275,-1.812,-4.086,5.982
PbS2,0.755,-2.486,-3.242,6.389
PdF2,0.027,-5.37,-5.397,8.13
Pd2Te4,1.212,-1.149,-2.361,4.518
PtTe2,0.303,-0.151,-0.454,4.133
HgH2S2,2.352,-1.578,-3.93,5.011
Rh2Cl4,0.413,-1.815,-2.228,5.077
Rh4S8,0.597,-1.66,-2.257,5.694
Cu2ReF6,0.872,-2.341,-3.212,4.857
ScCl2,0.107,-0.598,-0.705,4.057
ScSe2,0.56,-1.86,-2.42,5.338
SnF2,1.641,-2.014,-3.655,4.384
Bi2Cl6,2.181,-3.207,-5.388,6.726
W2Se4,0.032,-2.089,-2.121,4.524
ZnCl2,3.434,-1.07,-4.503,5.97
Zr2Br4,0.58,0.016,-0.564,4.04
ZrO2,1.69,-2.782,-4.472,7.256
Sc2CF2,1.02,-0.199,-1.219,4.516
Bi2OS2,0.566,-1.337,-1.904,6.211
SSb2Te2,0.474,0.177,-0.297,4.782
Ag2WS4,1.38,-1.563,-2.943,4.876
AsClTe,1.289,-1.243,-2.532,5.474
Fe2Cl6,0.375,-4.181,-4.556,6.991
Ir2Cl6,0.267,-2.594,-2.861,5.399
Pd2I6,0.03,-2.044,-2.074,5.281
Re2I6,0.134,-0.994,-1.129,4.556
Ru2Se6,0.243,-0.569,-0.811,4.465
Ti2Cl6,0.121,-2.076,-2.197,4.995
V2Cl6,0.023,-2.857,-2.88,5.425
Y2Br6,4.087,-0.682,-4.769,5.392
CrMo3S8,1.184,-0.235,-1.419,5.277
MoW3S8,1.532,0.545,-0.987,4.834
Hf3ZrS8,1.149,-1.767,-2.917,6.306
Al2I2Se2,1.493,-0.342,-1.835,4.906
BiBrS,0.891,-2.644,-3.535,6.155
BiClTe,0.531,-1.865,-2.396,5.669
ZrBrCl,0.912,1.038,0.126,3.373
Sn2Br2N2,1.366,-0.902,-2.267,5.625
Ir2Cl2S2,0.355,-1.206,-1.56,5.48
Sc2Cl2S2,2.109,-1.238,-3.347,5.705
Cr2I2S2,0.331,-1.019,-1.35,5.24
Na2F2S2,1.846,-0.823,-2.669,3.706
HfSSe,0.684,-1.454,-2.137,5.321
MoSTe,0.204,-0.006,-0.209,4.642
Ag2Br2S4,1.167,-2.338,-3.505,5.554
Cu2Br2Se4,0.836,-2.105,-2.942,5.138
Bi2P2Te6,0.393,-0.802,-1.195,4.487
Ga2P2Te6,0.285,-0.635,-0.921,4.472
Ir2P2Te6,0.225,-0.235,-0.461,4.293
Pb2P2Te6,0.671,-0.918,-1.589,4.826
Sc2P2S6,0.827,-0.976,-1.803,4.834
Hf2Ti2S8,0.91,-1.952,-2.862,6.3
FeHfBr6,0.938,-1.175,-2.113,4.705
MnZrF6,0.66,-2.353,-3.012,5.192
Nb4S12,0.376,-1.45,-1.826,4.689
Pd4I8,1.069,-3.162,-4.231,5.257
AgSnF6,0.602,-7.04,-7.642,8.474
As2O8P2,4.367,-2.912,-7.278,6.448
Bi2Cu2S4,0.136,-1.645,-1.78,3.701
Cd2Mn3O8,1.102,-2.306,-3.408,4.235
Cr2Si2Te6,0.272,-2.289,-2.56,4.569
Cu2S4Sb2,0.357,-1.752,-2.109,4.028
Ga2Cl2Te2,2.163,-2.565,-4.728,5.494
Hg2K4Cl8,3.33,-2.763,-6.093,5.648
K2C2O6,1.05,-4.822,-5.872,6.729
Bi2Br2,0.867,-2.48,-3.348,5.621
Na2Ta2Cl12,2.792,-3.161,-5.954,6.38
Nb2I4O2,1.024,-2.142,-3.165,4.703
O8P2Sb2,4.374,-0.906,-5.28,4.544
Pd4P4S4,1.195,-2.243,-3.438,5.186
Sr2O12P4,5.087,-1.551,-6.638,5.635
PtO2,1.674,-2.005,-3.679,6.033
V4F12O4,3.465,-4.916,-8.381,8.088
Zn2O6Si2,3.402,-1.112,-4.513,4.332
AgScP2Se6,1.634,-2.026,-3.66,4.864
Ca2Cl4H8O4,5.714,-0.971,-6.685,5.023
K2Pt2Cl6N2,0.268,-4.963,-5.23,6.611
Mn2Cl2S4Sb2,0.355,-2.769,-3.124,4.524
ZrH2O6P2,4.28,-1.067,-5.347,4.4
Cu2C6H8I2N2,0.838,-2.128,-2.966,3.908
Bi2S3,0.47,-1.277,-1.747,6.21
Ag2F2,0.555,-3.173,-3.729,4.81
Bi2Te2,0.332,-1.229,-1.561,4.66
Ga2Br2,2.125,-1.447,-3.571,3.923
Tl2Br2,2.413,-1.536,-3.949,4.344
Hg2Cl2,0.134,-2.01,-2.145,6.334
Cl2Sb2,0.436,-2.233,-2.669,5.062
Ge2S2,1.714,-0.271,-1.985,4.234
PbSe,1.532,-1.3,-2.832,4.619
SnSe,2.177,-0.91,-3.087,4.653
Zr2Se2,0.02,-0.044,-0.063,3.777
Zn2Te2,0.545,-0.883,-1.428,4.516
FeCl2,0.843,-0.766,-1.609,4.505
Cl2Ge,2.617,-1.562,-4.179,5.717
HfCl2,0.908,1.244,0.336,3.245
MgBr2,3.57,-0.34,-3.91,5.164
MnI2,1.224,-1.622,-2.846,4.793
HgI2,0.704,-1.631,-2.335,5.387
Ir4Se8,0.824,-0.423,-1.247,4.823
Pb2Se4,0.728,-1.181,-1.909,4.283
Re2I4,0.111,0.355,0.244,3.623
RuBr2,0.278,-1.616,-1.894,5.332
Ru2S4,0.725,-1.055,-1.781,5.35
SnI2,1.094,-2.219,-3.313,5.05
Fe2Cl6,0.013,-2.934,-2.948,5.911
VBr2,1.252,-0.285,-1.537,3.973
ZnF2,4.425,-2.733,-7.158,6.642
ZrO2,4.369,-0.906,-5.274,5.306
Ti2CO2,0.325,-0.701,-1.025,5.662
CaF2O2,2.825,-2.296,-5.121,6.139
Bi2OSe2,0.461,-0.858,-1.319,5.676
Ir2I6,0.024,-0.933,-0.958,4.253
Ag2WSe4,1.07,-1.283,-2.353,4.576
Cu2ReI6,0.18,-1.701,-1.881,5.15
Bi2Cl6,2.36,-2.826,-5.186,6.603
Rh2Br6,0.271,-2.588,-2.859,5.469
Ti2I6,0.209,-1.4,-1.609,4.668
Y2Cl6,5.113,-0.635,-5.748,5.821
CrMo3Se8,0.951,0.232,-0.719,4.747
MoW3Se8,1.258,0.968,-0.289,4.321
Hf3ZrSe8,0.844,-1.38,-2.224,5.852
Bi2Br2Se2,0.658,-2.373,-3.031,6.262
VBrI,1.188,-0.369,-1.557,3.964
TiClI,0.745,0.711,-0.034,3.582
Ir2Cl2Se2,0.062,-1.571,-1.632,5.617
Ti4Cl4Se4,0.042,-1.132,-1.174,4.971
HfSSe,0.887,-1.546,-2.433,6.038
Ir2I2S2,0.215,0.095,-0.12,4.497
Sn2I2N2,1.069,-0.144,-1.213,5.159
MoSTe,0.992,0.587,-0.405,4.638
WSTe,1.141,1.011,-0.13,4.394
Ag2Br2Se4,1.237,-2.171,-3.407,5.364
Cu2Br2Te4,0.873,-1.562,-2.435,4.728
Cd2P2S6,1.887,-0.699,-2.585,5.262
Ge2P2S6,1.406,-0.881,-2.287,5.065
Pd2P2S6,0.014,-1.366,-1.38,5.162
Sc2P2Se6,0.684,-0.634,-1.317,4.52
Hf2Ti2Se8,0.646,-1.53,-2.176,5.843
FeHfCl6,1.092,-1.357,-2.449,4.998
MnZrI6,1.052,-1.33,-2.382,5.057
Hf2Te10,0.159,-2.267,-2.426,4.459
Mg2Cl4,4.504,-1.608,-6.112,5.39
Nb3Cl8,0.206,-2.583,-2.789,4.584
Pt4I8,1.225,-2.545,-3.77,4.752
As4Ge4Se4,1.735,-2.236,-3.971,4.778
Bi2Ge3O9,3.364,-1.656,-5.02,4.288
Cd4I4O4,0.023,-4.569,-4.592,6.259
Cu2Sb2Se4,0.183,-1.972,-2.155,4.16
Ga2In2S6,1.981,-2.136,-4.117,5.813
Hg4Mo2O8,2.278,-2.86,-5.138,5.73
K2Cl2O6,5.441,0.386,-5.056,3.805
Mo2Zn2O8,2.915,-2.634,-5.549,6.151
Na4As4O8,4.333,0.122,-4.211,3.597
NiCl2O8,1.554,-4.494,-6.048,7.147
Pd4P4Se4,1.103,-2.074,-3.177,4.973
Sr2Cl4O8,2.726,-0.644,-3.37,3.517
Ag2V2P4S12,0.028,-3.526,-3.554,5.555
Cu2C2Cl2O2,2.508,-1.699,-4.207,4.506
FeMn2C6N6,1.836,-2.771,-4.607,4.485
Mn2H4O8S2,2.112,-0.736,-2.848,3.157
Hg4K2Cl6O6S2,3.268,-1.897,-5.165,5.993
Bi2,0.557,-0.667,-1.224,3.563
Bi2Se3,0.271,-0.944,-1.215,5.833
Ag2F2,0.498,-2.901,-3.399,5.664
Al2O2,1.315,0.034,-1.281,4.345
GaAs,1.119,-2.139,-3.258,4.64
Bi2Cl2,0.894,-2.791,-3.685,5.852
Tl2Br2,3.06,-0.373,-3.432,3.926
Cd2Te2,0.633,-1.034,-1.666,4.778
Pb2Te2,0.05,-2.093,-2.143,4.719
Ge2Te4,0.032,-2.323,-2.356,4.473
Ga2S2,2.18,-0.431,-2.61,5.142
GeS,2.45,-1.054,-3.503,4.941
Hg2I2,1.277,-0.672,-1.949,5.273
MgCl2,5.941,0.563,-5.378,5.278
InP,1.099,-2.034,-3.134,4.633
Ag2WTe4,0.587,-0.897,-1.484,4.232
Zr2Se2,0.059,0.284,0.225,4.813
CaH2O2,3.713,0.247,-3.466,3.072
MgF2O2,2.967,-2.339,-5.307,6.745
Cd2Se4,1.363,-0.97,-2.333,4.356
Bi2OTe2,0.222,-0.135,-0.357,4.804
FeF2,0.135,-3.341,-3.476,6.316
Cl2Ge,2.955,-1.321,-4.275,5.872
HgI2,1.54,-1.836,-3.377,5.164
Mo2Se4,0.041,-0.631,-0.672,5.1
NiBr2,0.876,-2.067,-2.943,5.572
OsCl2,0.237,-0.25,-0.487,4.07
PbCl2,2.367,-2.245,-4.611,6.149
PbSe2,1.027,-1.57,-2.597,4.46
Re4Se8,1.115,0.472,-0.643,4.487
RuBr2,1.045,-0.365,-1.41,4.19
HfSTe,0.038,-1.004,-1.043,5.191
SnI2,1.837,-0.953,-2.789,4.988
SnTe2,0.39,-1.369,-1.759,4.441
ZnH2O2,2.333,-0.194,-2.527,2.81
TiH2,0.016,-2.51,-2.526,4.822
TiSe2,0.878,-2.282,-3.16,5.467
WSe2,1.238,1.075,-0.163,4.233
Sc2CH2O2,0.424,1.426,1.002,1.348
ZnI2,1.749,-0.742,-2.491,4.951
ZrO2,4.448,-0.189,-4.638,5.595
As2I6,1.911,-1.028,-2.94,5.073
Bi2F6,4.317,-1.604,-5.921,5.593
Hf2O6,3.47,0.435,-3.035,6.012
Ir2I6,1.358,-0.265,-1.623,4.439
C6N2,0.396,-0.312,-0.708,2.963
Rh2Br6,1.344,-1.723,-3.066,5.363
Br6Sb2,2.333,-1.78,-4.113,5.609
Ti2O6,2.461,-1.085,-3.546,6.723
V2I6,0.014,-1.945,-1.959,4.897
Y2Cl6,4.42,-1.134,-5.554,5.835
CrMo3Te8,0.645,0.556,-0.088,4.432
MoW3Te8,0.804,1.105,0.3,4.109
Hf3ZrTe8,0.142,-0.942,-1.084,5.196
BiCrAs,0.028,-0.273,-0.301,4.536
BiBrSe,1.02,-1.953,-2.974,6.0
HfBrCl,0.832,1.378,0.546,3.115
Ti2Br2N2,0.621,-1.663,-2.284,5.995
Mn2Cl2N2,0.176,-2.099,-2.275,6.018
CrSSe,0.782,-0.472,-1.254,5.159
MoSeTe,1.136,0.851,-0.285,4.466
WSTe,0.202,0.317,0.116,4.402
Ag2Br2Te4,1.214,-1.73,-2.944,4.979
CF2Si,1.935,-2.493,-4.428,6.585
Cd2P2Se6,1.271,-0.676,-1.947,4.976
Ge2P2Se6,0.984,-0.761,-1.745,4.806
Hf2Ti2Te8,0.037,-1.001,-1.037,5.168
FeHfF6,1.221,-2.071,-3.292,5.139
NiZrBr6,1.301,-2.328,-3.629,5.85
As8Ge4,1.186,-1.986,-3.171,4.56
Ag2I2,1.768,-0.304,-2.073,4.531
Al2Mg2Se5,1.114,-0.249,-1.363,4.266
Au2CaF12,1.566,-6.651,-8.217,9.112
Bi2O9Si3,3.733,-1.074,-4.806,3.853
CrMoF6,0.313,-4.21,-4.523,5.559
Cu3O4P,1.29,-3.886,-5.176,5.514
AlP,2.26,-1.131,-3.391,4.222
Ga2Ge2Te2,0.674,-1.433,-2.107,4.596
Hg4W2O8,2.506,-2.031,-4.537,5.056
K2N2O6,3.166,-1.609,-4.775,4.49
Mg2P2S6,2.796,-1.805,-4.601,5.154
Mo2ZrO8,3.205,-3.951,-7.156,7.19
Hg2Pt4Se6,0.153,-2.112,-2.264,4.829
Sc2CCl2,0.883,-2.385,-3.268,5.51
Zn4Cl4O4,0.139,-5.985,-6.124,7.576
AgVP2Se6,0.35,-2.755,-3.105,4.98
SrCl2,5.738,0.34,-5.398,5.071
Cu2C4H4O8,0.209,-4.471,-4.68,5.224
FeSn2C6N6,3.525,-0.849,-4.374,3.582
Mn2I2Sb2Se4,0.054,-2.593,-2.647,4.376
Ca2C2F2O6,0.839,-5.604,-6.443,8.366
K2Os2F10N2O2,0.858,-3.629,-4.487,5.983
Cd2Te2,0.845,-1.37,-2.215,5.068
In2Cl2,2.298,-1.132,-3.431,3.69
Bi2Te3,0.083,-0.395,-0.479,5.291
Pb2O2,0.192,-2.428,-2.62,4.631
Au2Se2,0.956,-2.117,-3.073,5.05
Pb2Cl2,0.42,-0.841,-1.261,5.286
Zr2Cl2,0.036,1.019,0.983,2.425
Cs2F2,4.151,0.277,-3.874,3.101
W2O2,0.053,-0.431,-0.484,6.274
Ga2S2,2.321,-0.097,-2.418,5.107
Ge2Se2,1.121,-0.093,-1.214,3.965
HgO,0.302,-3.116,-3.418,5.041
Pb2Te2,0.434,-1.142,-1.576,4.116
Tl2I2,2.063,-1.516,-3.579,4.379
V2Se2,0.257,-0.7,-0.957,4.924
Si2Te2,0.388,0.175,-0.213,3.582
Tl2Te2,0.294,-1.07,-1.364,5.047
CdBr2,3.069,-1.115,-4.184,5.593
F2Ge,1.599,-2.261,-3.86,4.578
HfSe2,1.688,-1.582,-3.27,5.259
HgI2,1.199,-1.429,-2.628,5.269
MgCl2,4.762,-0.19,-4.952,5.656
MnO2,1.132,-3.55,-4.682,7.166
NiS2,0.583,-1.74,-2.323,5.5
Os2Se4,0.144,-2.435,-2.578,5.225
PbCl2,1.941,-2.844,-4.785,5.807
PbSe2,0.295,-2.37,-2.665,5.325
RuCl2,0.463,-1.844,-2.307,5.715
ScH2,0.366,-1.82,-2.185,3.939
SnI2,1.926,-0.626,-2.552,4.914
SrBr2,4.313,-0.286,-4.6,5.358
Ti2I4,0.155,0.057,-0.098,4.038
ZnI2,0.898,-1.032,-1.929,4.938
ZrBr2,0.828,1.045,0.217,3.238
ZrS2,0.965,-1.933,-2.898,6.366
CaH2S2,3.815,0.58,-3.235,3.26
MgF2S2,2.514,-1.852,-4.366,6.268
OS2Sb2,0.595,-1.2,-1.795,5.806
Bi2S2Se,0.412,-1.252,-1.663,6.202
Ag2MoO4,2.085,-2.716,-4.8,5.596
Au2WO4,2.962,-2.203,-5.165,5.162
Ag2Br6,0.046,-3.901,-3.947,6.522
Cr2Br6,1.51,-1.948,-3.457,5.583
Hf2S6,1.157,0.176,-0.981,5.404
Rh2Cl6,0.22,-3.45,-3.671,6.094
Ti2S6,0.295,-0.241,-0.535,5.238
Y2I6,2.756,-0.461,-3.216,4.847
CrW3S8,1.126,0.043,-1.083,5.049
Ga2Br2O2,2.515,-0.526,-3.04,5.525
Hf3TiS8,1.01,-1.861,-2.871,6.307
Ti3ZrS8,0.849,-2.031,-2.88,6.324
BiBrSe,0.733,-2.527,-3.26,5.982
VClI,1.1,-0.436,-1.536,3.977
Sn2Cl2N2,1.406,-1.215,-2.621,5.88
Ti2I2N2,0.062,-0.811,-0.873,5.309
Tl2I2S2,0.253,-1.828,-2.082,5.915
TiSSe,0.505,-1.785,-2.29,5.951
ZrSTe,0.208,-1.076,-1.283,5.283
Ag2Cl2S4,1.186,-2.706,-3.892,5.744
CH2Si,3.781,0.565,-3.216,3.489
Cd2P2Te6,0.809,-0.34,-1.149,4.53
Ge2P2Te6,0.819,-0.412,-1.23,4.5
Sn2P2S6,1.038,-1.131,-2.169,5.012
Zn2P2S6,2.086,-0.401,-2.487,5.06
Hf2Zr2S8,1.129,-1.801,-2.93,6.306
FeHfI6,0.781,-0.646,-1.427,4.458
NiZrCl6,1.598,-2.641,-4.239,6.308
As8Si4,1.422,-1.902,-3.324,4.576
Hg4I8,1.664,-3.172,-4.835,5.333
MgCl2,5.293,-1.514,-6.807,5.398
Rb2C4,0.476,-4.395,-4.871,5.841
Cu2O4S,2.053,-2.356,-4.409,4.45
Zn2Se2,2.042,-2.242,-4.283,4.85
Al2Si2Te6,1.115,-1.898,-3.012,4.549
Au4I4Te4,1.071,-2.812,-3.883,5.29
Bi2MnTe4,0.11,-1.096,-1.207,4.68
In2Si2Te6,0.682,-2.305,-2.987,4.726
Mg2P2Se6,2.049,-1.918,-3.967,4.919
Mo2Br4O4,1.424,-3.746,-5.17,6.211
PbSb2Te4,0.302,-1.175,-1.477,4.91
VBr2O,0.77,-3.517,-4.287,5.548
AgBiP2Se6,1.101,-2.51,-3.611,5.057
CdClHO,2.517,-2.323,-4.84,4.871
Cu2H4O10Se2,0.609,-5.497,-6.106,6.914
FeZn2C6N6,3.938,-1.136,-5.074,3.966
Li2PtH6O6,2.833,-0.713,-3.547,3.079
Mo2Zn2O12Te2,3.118,-2.036,-5.154,6.413
NiC2N2S2,0.646,-3.461,-4.108,5.292
K2Os2Br8N2O4,0.042,-4.417,-4.459,6.054
Ge2,0.025,-2.318,-2.343,4.464
Zr3F2N2O2,0.899,-0.813,-1.712,8.245
Hf3C2O2,0.42,1.034,0.614,5.601
Ag2I2,1.874,-0.642,-2.516,4.523
InAs,0.691,-2.211,-2.902,4.575
In2Cl2,1.552,-0.838,-2.389,5.663
Sn2Cl2,0.031,-0.656,-0.686,4.801
Cu2F2,0.032,-4.102,-4.134,6.333
Y2F2,0.031,-1.254,-1.285,3.652
Ga2Se2,1.765,-0.233,-1.998,4.914
Hf2S2,0.134,0.363,0.229,3.355
HgS,0.065,-3.42,-3.484,5.44
Tl2I2,2.399,-0.514,-2.913,3.942
In2S2,1.675,-0.636,-2.311,5.509
Pb2O2,0.242,-1.286,-1.528,3.333
Re2S2,0.237,0.401,0.165,3.726
Rh2Se2,0.101,0.6,0.499,4.337
Sc2S2,0.414,-0.928,-1.342,5.0
Sc2Se2,0.4,-0.718,-1.118,4.866
Tl2Te2,0.339,-1.006,-1.345,5.014
CdBr2,2.369,-1.467,-3.836,5.801
Cd2Te4,1.068,-0.719,-1.787,4.111
CrSe2,0.685,-0.178,-0.864,4.884
RuCl2,1.181,-0.425,-1.606,4.364
FeI2,0.065,-2.365,-2.43,5.01
GeI2,1.954,-0.658,-2.612,4.883
HfSe2,0.427,-1.079,-1.505,5.16
Hg2O4,0.235,-4.372,-4.607,7.161
In4Br8,1.643,-2.395,-4.039,5.57
MgI2,3.273,0.393,-2.88,4.437
NiCl2,1.219,-2.301,-3.519,6.004
Ni2Se4,1.015,-1.583,-2.597,4.686
Os2Se4,0.567,0.032,-0.535,4.524
PbF2,2.579,-2.156,-4.735,5.123
PbSe2,0.082,-2.289,-2.371,5.885
SnO2,2.101,-3.414,-5.515,6.92
SrBr2,4.929,0.125,-4.804,4.954
Ta4O8,0.582,-1.45,-2.031,5.055
TiI2,0.596,0.993,0.397,3.33
TiSe2,0.522,-1.591,-2.112,5.832
ZnI2,2.431,-0.79,-3.222,4.625
Zr2Cl4,0.611,-0.108,-0.719,4.237
ZrS2,1.928,-2.057,-3.984,5.723
CdF2O2,1.573,-3.247,-4.82,6.84
MgH2O2,3.352,0.188,-3.164,2.888
OSb2Se2,0.513,-0.784,-1.297,5.327
Bi2SeTe2,0.121,-0.455,-0.575,5.299
Ag2MoS4,0.94,-1.976,-2.917,5.083
Au2WS4,1.071,-1.166,-2.237,4.525
Bi2I6,1.102,-2.316,-3.418,5.609
Cr2Cl6,1.735,-2.118,-3.854,5.902
Hf2Se6,0.272,0.248,-0.024,5.025
Pt2Cl6,0.027,-2.751,-2.778,5.586
Rh2Cl6,1.59,-1.962,-3.552,5.751
Y2I6,2.574,-0.983,-3.557,4.992
CrW3Se8,0.882,0.483,-0.399,4.533
Hf3TiSe8,0.723,-1.465,-2.187,5.857
Ti3ZrSe8,0.579,-1.578,-2.157,5.839
AsBrS,1.387,-1.652,-3.039,5.441
BiBrTe,0.591,-2.245,-2.836,5.661
Ga2Br2S2,1.485,-1.494,-2.979,5.678
Sc2Br2O2,3.21,-0.136,-3.346,5.635
BrSbSe,1.069,-1.802,-2.871,5.444
Li2H2O2,3.935,-0.321,-4.256,3.167
HfSeTe,0.142,-0.951,-1.093,5.236
VSSe,0.013,-1.482,-1.496,5.556
Ag2Cl2Se4,1.34,-2.315,-3.655,5.442
Cu2Cl2Se4,0.829,-2.196,-3.024,5.159
Hf2P2S6,0.86,-1.223,-2.083,5.142
Nb2P2S6,0.508,0.487,-0.021,4.059
Pt2P2S6,0.053,-0.719,-0.772,4.621
Sn2P2Se6,0.719,-1.053,-1.772,4.832
Zn2P2Se6,1.307,-0.547,-1.854,4.877
Hf2Zr2Se8,0.841,-1.41,-2.251,5.855
FeZrBr6,0.871,-1.317,-2.188,4.815
NiZrF6,0.409,-4.318,-4.728,6.561
As4O6,3.876,-1.196,-5.073,4.251
Bi8Rh4,0.014,-1.564,-1.578,3.747
In2Te5,1.08,-2.086,-3.166,4.423
O6Sb4,3.615,-0.947,-4.561,3.923
Ti4O8,1.893,-5.016,-6.909,8.129
Al2Tl2F8,2.255,-3.749,-6.004,6.043
Bi4Sr2O8,2.704,0.18,-2.524,3.424
CoCl2O8,0.735,-4.602,-5.337,6.839
Cu2Ge2O6,0.086,-4.543,-4.629,6.032
Ge3O9Sb2,3.766,-1.591,-5.356,4.561
Mo2Ta2O11,2.566,-3.829,-6.395,7.321
PbWO4,2.722,-3.034,-5.756,5.666
CuInP2Se6,0.489,-2.494,-2.984,4.794
Pt2Ta4Se14,0.014,-2.817,-2.831,5.055
Sc2P2S8,1.896,-2.72,-4.616,5.563
VCl2O,0.806,-3.825,-4.631,5.817
Zr2Ge2Te8,0.522,-1.746,-2.268,4.293
AlLiP2S6,2.824,-2.001,-4.825,5.112
CdGaInS4,0.412,-1.943,-2.355,5.229
CdC4Cl2H4N2,2.176,-2.838,-5.014,5.242
LiC5H5N2O5,3.245,-2.201,-5.447,4.472
P4,0.903,-0.918,-1.821,4.602
Y3N2O2,0.245,-0.199,-0.444,5.675
Ag2O2,0.164,-3.533,-3.697,5.47
Al2S2,2.142,-0.173,-2.315,5.094
Au2Br2,0.486,-2.091,-2.577,5.643
Br2Sb2,0.444,-1.911,-2.355,4.838
Ca2I2,0.134,-0.743,-0.876,3.621
GeSe,2.218,-0.916,-3.133,4.652
Hg2Se2,0.084,-2.253,-2.337,5.646
In2S2,1.604,-0.691,-2.296,5.524
PbO,1.801,-1.677,-3.478,4.969
Sc2O2,0.7,0.219,-0.481,3.413
Pb2Te2,0.271,-1.801,-2.073,4.202
Ti2S2,0.054,-0.634,-0.687,4.115
Sn2Te2,0.603,0.104,-0.499,3.788
Zr2Te2,0.207,0.673,0.466,4.615
BaBr2,4.157,-0.171,-4.328,5.267
CaBr2,4.742,-0.723,-5.465,5.02
CdBr2,2.925,-1.875,-4.8,5.627
FeI2,0.144,-1.049,-1.192,4.921
Fe2Te4,0.282,0.102,-0.18,4.397
GeI2,1.012,-2.101,-3.113,5.044
Hf2I4,0.627,0.828,0.201,3.7
HfSe2,0.812,-1.372,-2.184,5.859
VCl2,1.354,-0.275,-1.629,4.007
MgI2,2.566,0.198,-2.367,4.435
MoSe2,1.321,0.673,-0.649,4.572
VS2,0.028,-1.844,-1.872,5.914
Zr2CO2,0.95,0.525,-0.425,4.817
CdH2O2,2.244,-0.665,-2.909,3.336
PbI2,1.293,-2.32,-3.613,5.336
Pb2Te4,0.115,-1.292,-1.406,4.209
PtBr2,0.152,-1.752,-1.904,4.938
Pt2S4,1.802,-1.0,-2.802,4.692
ZrS2,1.159,-1.567,-2.726,5.846
Y2CF2,1.117,0.72,-0.398,3.69
SnO2,2.683,-2.393,-5.076,6.989
SrBr2,4.569,-0.856,-5.425,4.945
TiTe2,0.036,-0.982,-1.018,5.15
WO2,1.34,-0.783,-2.124,5.706
Zn2S4,1.693,-1.061,-2.754,4.163
MgH2S2,3.508,0.546,-2.962,3.202
OSb2Te2,0.479,-0.06,-0.538,4.599
S2Sb2Se,0.599,-0.548,-1.147,5.618
Ag2MoSe4,0.695,-1.636,-2.331,4.75
Au2WSe4,0.76,-0.916,-1.676,4.249
BrSbSe,1.464,-1.099,-2.563,5.393
Ag2Cl6,0.267,-4.42,-4.687,7.184
Bi2I6,1.377,-1.976,-3.353,5.619
Cr2I6,0.891,-1.302,-2.192,5.009
Ga2Br6,1.35,-2.805,-4.155,6.048
Rh2I6,0.991,-0.979,-1.97,4.869
I6Sb2,1.826,-1.235,-3.06,5.133
CrW3Te8,0.543,0.72,0.177,4.266
Hf3TiTe8,0.08,-0.971,-1.051,5.172
Ti3ZrTe8,0.08,-1.003,-1.083,5.181
AsBrS,1.417,-1.335,-2.752,5.58
Rh2Br2S2,0.043,-1.778,-1.821,5.72
BiBrTe,0.529,-1.723,-2.252,5.569
Ga2Br2Se2,0.736,-1.762,-2.498,5.529
ZrBrI,0.774,1.401,0.627,3.149
Ga2Cl2O2,3.674,-0.666,-4.34,6.157
Ti2Cl2N2,0.62,-1.978,-2.597,6.23
Rh2Cl2O2,0.04,-1.758,-1.798,5.44
CrSTe,0.261,-0.295,-0.557,4.862
Li2H2S2,3.969,-0.043,-4.011,3.369
Sc2I2O2,1.812,0.375,-1.437,4.879
Ag2Cl2Te4,1.291,-1.782,-3.074,4.982
Cu2Cl2Te4,0.853,-1.609,-2.463,4.716
Ag2P2Se6,0.037,-1.705,-1.742,5.417
Hf2P2Se6,0.469,-1.028,-1.497,4.872
Pt2P2Se6,0.414,-0.779,-1.193,4.743
Sn2P2Te6,0.431,-0.802,-1.233,4.565
Zn2P2Te6,0.591,-0.394,-0.985,4.508
Hf2Zr2Te8,0.166,-0.971,-1.137,5.228
FeZrCl6,1.048,-1.489,-2.538,5.106
NiZrI6,0.851,-1.565,-2.416,5.258
As4O6,4.256,-0.348,-4.604,4.002
C6N8,1.265,-2.718,-3.984,4.302
In2Se3,0.435,-2.887,-3.322,5.901
O8Te4,2.667,-1.551,-4.218,4.728
Ru2F8,0.628,-5.889,-6.517,7.629
V2F8,0.597,-5.701,-6.298,7.28
Al2FeS4,0.663,-0.052,-0.715,3.608
B3C10N3,0.811,-2.722,-3.533,4.265
Ca2Br2H2,4.194,-0.548,-4.743,4.732
Co4Br4O4,0.176,-3.14,-3.316,4.99
Cu2I4O12,0.735,-3.319,-4.053,5.391
Au2Te2,0.037,-0.644,-0.681,4.084
H4O12Te4,2.579,-2.792,-5.371,5.825
In2ZnS4,0.019,-2.189,-2.209,5.382
MgB2H8,6.082,-0.835,-6.918,4.876
Bi2I2,0.776,-1.749,-2.525,5.189
Pt4Tl2S6,1.253,-1.768,-3.021,4.222
Sc2O13Te5,3.167,-1.37,-4.537,4.413
Ta2I4O2,0.861,-2.011,-2.871,4.544
As2H2O10Te2,3.389,-2.425,-5.814,6.178
CdPb2Cl2O2,2.869,-1.341,-4.21,4.578
Cu2PtC6N8,1.623,-4.186,-5.809,6.15
Ga2F4H10N4,2.656,-0.531,-3.187,2.894
Na2H8I2O4,3.591,-1.182,-4.773,4.133
CoC4Cl2H4N2,0.316,-2.668,-2.984,4.263
MgNa2H4O8S2,4.454,0.172,-4.282,3.382
Sb2,0.983,-0.847,-1.83,4.067
Zr3N2O2,0.401,2.397,1.996,4.427
Al2S2,2.085,-0.252,-2.338,5.164
Au2Br2,0.367,-2.256,-2.624,5.646
Pt2Cl2,1.308,-0.102,-1.41,5.067
Cu2I2,1.865,0.41,-1.455,3.637
Ga2Se2,1.644,-0.529,-2.172,4.955
Ge2Te2,0.815,0.186,-0.629,3.795
HgSe,0.117,-3.37,-3.487,5.427
V2I2,0.025,0.981,0.956,3.201
Ir2S2,0.041,0.806,0.764,4.817
BaBr2,4.902,0.327,-4.575,4.785
Pb2Te2,0.445,-0.325,-0.77,4.256
Pt2S2,0.031,-2.267,-2.299,4.887
S2Si2,1.417,-0.841,-2.258,4.636
Tl2S2,0.673,-1.622,-2.296,5.974
Zn2S2,2.557,-0.665,-3.222,5.017
Sn2Te2,0.028,-1.901,-1.929,4.183
V2Te2,0.226,-0.517,-0.743,4.728
Zr2Te2,0.452,0.76,0.308,4.607
CaBr2,4.863,0.132,-4.731,5.017
CdCl2,3.868,-1.2,-5.069,6.07
CrO2,0.416,-3.185,-3.601,7.141
FeI2,0.687,-0.011,-0.698,4.103
GeO2,3.006,-2.725,-5.732,6.891
HfI2,0.63,1.844,1.214,2.789
MnBr2,1.477,-1.424,-2.901,5.128
MoO2,0.912,-1.629,-2.541,6.213
OsI2,1.1,0.79,-0.31,3.601
PbI2,1.499,-1.654,-3.154,5.549
PdO2,1.379,-3.102,-4.481,6.83
Rh4Se8,0.583,-1.137,-1.72,5.199
Ru2Se4,0.779,-0.328,-1.107,4.727
ScI2,0.106,0.081,-0.025,3.688
S2Si,1.383,-1.385,-2.767,5.782
SnO2,0.665,-4.155,-4.82,8.127
TiTe2,0.374,-1.935,-2.309,4.959
YI2,0.142,0.299,0.157,3.583
CdH2S2,2.261,-0.437,-2.698,3.659
MnH2O2,0.249,-0.157,-0.406,1.819
Ag2MoTe4,0.313,-1.171,-1.484,4.37
OsH2O2,0.829,0.722,-0.107,1.846
Sb2SeTe2,0.4,0.169,-0.231,4.811
Au2WTe4,0.323,-0.572,-0.895,3.977
Ga2Br6,2.594,-1.647,-4.24,5.731
In2Br6,2.745,-1.736,-4.481,5.852
Tl2Br6,1.661,-2.843,-4.505,6.362
HfTi3S8,0.858,-2.027,-2.885,6.338
TiZr3S8,0.997,-1.911,-2.907,6.301
PbF4,2.704,-5.694,-8.399,9.143
Al2Br2O2,4.142,1.518,-2.624,4.501
AsBrSe,1.497,-1.013,-2.51,5.316
Bi2I2O2,1.074,-0.505,-1.58,5.495
Br2Ge2N2,1.5,-0.809,-2.309,5.683
Zr2Br2N2,1.816,-0.391,-2.207,5.556
BrSbTe,1.052,-1.569,-2.62,5.234
Ga2Cl2S2,1.417,-1.628,-3.045,5.73
Na2H2O2,3.504,-0.733,-4.237,3.264
WSSe,1.402,0.883,-0.518,4.498
Ag2I2S4,1.188,-1.627,-2.815,5.191
Co2F2O4,0.467,-2.966,-3.432,7.337
Zr2P2S6,0.759,-1.392,-2.151,5.181
Mo2W2S8,1.532,0.412,-1.12,4.938
FeZrF6,1.206,-2.189,-3.395,5.279
As4O6,3.791,-1.649,-5.44,4.488
Mo2O6,2.067,-4.141,-6.209,7.51
O10P4,4.995,-2.888,-7.883,6.898
S8Si4,3.428,-1.604,-5.032,4.893
V4O10,1.564,-5.022,-6.586,7.979
Al2MgS4,2.048,-0.375,-2.423,4.345
Ba2H8O6,4.228,-0.062,-4.29,3.518
CoRe2O8,0.516,-4.673,-5.19,6.545
CuLi2O2,0.323,-1.736,-2.059,2.569
In4Br4Te4,2.024,-2.651,-4.675,5.309
Li2V4O10,0.309,-4.053,-4.363,5.627
Nb2Br4S4,1.556,-2.207,-3.763,4.836
Pd2N4O12,1.431,-4.301,-5.731,6.284
Pt4Tl2Se6,1.132,-1.757,-2.89,4.195
Ta3I7Se,0.665,-2.07,-2.736,4.529
W2Cl4O4,2.187,-4.112,-6.299,6.954
Zr2Br2N2,1.618,-1.508,-3.126,5.486
As4H2O12P2,4.556,-1.208,-5.764,4.73
Cd2H4O8Se2,4.104,-0.736,-4.84,4.392
Cu2As4Cl2S3,1.198,-2.395,-3.593,4.505
Ga2H2O8Se2,4.295,-0.776,-5.071,4.5
Li2H4N2O6,2.637,-2.144,-4.781,4.695
CoC4H8N2O4,0.393,-3.1,-3.493,4.265
MnNa2F3O7P2,0.035,-6.021,-6.055,7.817
Sb4,0.18,-0.174,-0.354,3.81
Ag2S2,0.962,-2.895,-3.856,5.718
AlSb,1.507,-1.481,-2.987,4.246
Au2Cl2,0.019,-3.066,-3.085,6.246
Au2Te2,0.618,-1.759,-2.377,4.548
Bi2O2,0.12,-0.736,-0.856,4.28
Hg2Br2,0.193,-1.761,-1.954,6.039
Pb2Br2,0.438,-0.567,-1.005,5.02
Cs2Cl2,4.46,-0.005,-4.465,3.51
K2Cl2,4.882,-0.353,-5.235,3.904
PbTe,0.93,-1.152,-2.082,4.171
Cu2I2,1.787,0.713,-1.074,3.646
SnTe,1.582,-0.749,-2.331,4.176
Ga2Te2,1.269,-0.293,-1.563,4.529
Hg2Te2,0.084,-1.568,-1.652,5.084
V2Te2,0.224,-0.67,-0.894,4.906
Zr2Te2,0.055,-0.071,-0.126,4.021
I2Sb2,0.039,-1.214,-1.253,5.273
InSb,0.475,-2.029,-2.504,4.34
Ir2S2,0.297,0.754,0.457,4.763
SnO,1.706,-1.617,-3.323,5.075
BaBr2,4.559,-0.647,-5.206,4.751
CaBr2,4.128,-0.457,-4.585,5.495
CdCl2,3.098,-1.723,-4.821,6.461
CoBr2,0.348,-2.468,-2.816,5.782
GeO2,3.641,-1.791,-5.432,7.047
HfTe2,0.988,-1.434,-2.422,4.834
Ir4Te8,0.551,-0.161,-0.713,4.45
MnBr2,1.588,-1.524,-3.112,5.527
Pd2S4,1.12,-1.822,-2.942,4.987
Se2Si,0.467,-1.419,-1.886,5.409
SnS2,1.438,-1.8,-3.238,5.399
SrCl2,4.944,-0.237,-5.181,5.615
NiSe2,0.06,-1.275,-1.335,4.846
PbI2,1.577,-1.311,-2.889,5.452
PtS2,1.688,-0.902,-2.59,5.402
Re4O8,1.304,-1.537,-2.841,6.032
Re4Te8,0.817,0.971,0.153,4.103
WTe2,0.727,1.142,0.414,4.055
Ru2Se4,0.103,-2.697,-2.8,5.304
TaO2,0.554,-1.826,-2.38,4.085
Zn2Se4,1.382,-1.215,-2.596,4.323
ZrCl2,0.981,0.89,-0.091,3.519
Hf2CO2,0.938,0.569,-0.369,4.879
PbH2O2,1.567,-0.576,-2.143,3.021
SnH2O2,0.893,-0.535,-1.428,2.549
Y2CH2O2,0.456,1.595,1.139,1.423
Au2MoO4,2.64,-2.494,-5.135,5.269
Cu2WO4,2.908,-1.678,-4.586,4.53
Au2Br6,0.082,-3.354,-3.436,6.086
Ga2Cl6,3.83,-1.343,-5.172,6.086
In2Br6,2.011,-2.501,-4.512,6.024
Mn2Br6,0.023,-3.253,-3.276,6.046
Tl2Br6,1.092,-3.503,-4.595,6.525
W2Br6,0.199,-0.231,-0.43,4.022
HfTi3Se8,0.587,-1.567,-2.154,5.847
TiZr3Se8,0.706,-1.526,-2.232,5.858
SnF4,4.082,-4.301,-8.382,8.579
Al2Br2S2,2.263,-0.366,-2.628,5.029
AsBrSe,1.228,-1.613,-2.841,5.336
Bi2Cl2O2,1.733,-1.715,-3.448,6.619
Bi2I2S2,0.837,-1.492,-2.329,5.765
BrSbTe,1.319,-0.911,-2.23,5.184
Ga2Cl2Se2,0.606,-1.914,-2.521,5.574
Sc2Cl2O2,4.243,-0.307,-4.55,6.208
CrSeTe,0.572,0.008,-0.564,4.75
Na2H2S2,3.56,-0.558,-4.118,3.434
Zr2I2N2,1.104,0.111,-0.993,5.144
ISbSe,1.007,-0.733,-1.739,5.042
TiSeTe,0.065,-1.058,-1.122,5.198
Ag2I2Se4,1.054,-1.747,-2.801,5.167
Co2H2O4,0.391,-1.355,-1.746,4.491
Al2P2S6,1.305,-0.434,-1.739,4.627
Hg2P2S6,1.02,-1.412,-2.432,5.497
Ni2P2S6,0.028,-1.454,-1.482,5.223
Ta2P2Se6,0.294,-0.799,-1.093,4.853
Zr2P2Se6,0.394,-1.142,-1.536,4.916
Mo2W2Se8,1.27,0.853,-0.417,4.417
FeZrI6,0.661,-0.849,-1.51,4.578
